[
  {
    "input": "immersiveengineering:storage:8",
    "ore": "blockSteel",
    "output": "steel:1296"
  },
  {
    "input": "immersiveengineering:metal:8",
    "ore": "ingotSteel",
    "output": "steel:144"
  },
  {
    "input": "immersiveengineering:metal:17",
    "ore": "dustSteel",
    "output": "steel:72"
  },
  {
    "input": "immersiveengineering:metal:28",
    "ore": "nuggetSteel",
    "output": "steel:16"
  },
  {
    "input": "immersiveengineering:storage:2",
    "ore": "blockLead",
    "output": "lead:1296"
  },
  {
    "input": "immersiveengineering:ore:2",
    "ore": "oreLead",
    "output": "dirtylead:432"
  },
  {
    "input": "immersiveengineering:metal:2",
    "ore": "ingotLead",
    "output": "lead:144"
  },
  {
    "input": "immersiveengineering:metal:11",
    "ore": "dustLead",
    "output": "lead:72"
  },
  {
    "input": "immersiveengineering:metal:22",
    "ore": "nuggetLead",
    "output": "lead:16"
  },
  {
    "input": "ic2:resource:5",
    "ore": "blockBronze",
    "output": "bronze:1296"
  },
  {
    "input": "ic2:ingot:1",
    "ore": "ingotBronze",
    "output": "bronze:144"
  },
  {
    "input": "ic2:dust:0",
    "ore": "dustBronze",
    "output": "bronze:72"
  },
  {
    "input": "neotech:nuggetBronze:0",
    "ore": "nuggetBronze",
    "output": "bronze:16"
  },
  {
    "input": "immersiveengineering:metal:19",
    "ore": "dustGold",
    "output": "gold:72"
  },
  {
    "input": "ic2:resource:9",
    "ore": "blockTin",
    "output": "tin:1296"
  },
  {
    "input": "ic2:resource:3",
    "ore": "oreTin",
    "output": "dirtytin:432"
  },
  {
    "input": "ic2:ingot:6",
    "ore": "ingotTin",
    "output": "tin:144"
  },
  {
    "input": "ic2:dust:17",
    "ore": "dustTin",
    "output": "tin:72"
  },
  {
    "input": "thaumcraft:nugget:2",
    "ore": "nuggetTin",
    "output": "tin:16"
  },
  {
    "input": "immersiveengineering:storage:0",
    "ore": "blockCopper",
    "output": "copper:1296"
  },
  {
    "input": "immersiveengineering:ore:0",
    "ore": "oreCopper",
    "output": "dirtycopper:432"
  },
  {
    "input": "immersiveengineering:metal:0",
    "ore": "ingotCopper",
    "output": "copper:144"
  },
  {
    "input": "immersiveengineering:metal:9",
    "ore": "dustCopper",
    "output": "copper:72"
  },
  {
    "input": "immersiveengineering:metal:20",
    "ore": "nuggetCopper",
    "output": "copper:16"
  },
  {
    "input": "immersiveengineering:metal:18",
    "ore": "dustIron",
    "output": "iron:72"
  },
  {
    "input": "immersiveengineering:metal:29",
    "ore": "nuggetIron",
    "output": "iron:16"
  },
  {
    "input": "immersiveengineering:storage:3",
    "ore": "blockSilver",
    "output": "silver:1296"
  },
  {
    "input": "immersiveengineering:ore:3",
    "ore": "oreSilver",
    "output": "dirtysilver:432"
  },
  {
    "input": "immersiveengineering:metal:3",
    "ore": "ingotSilver",
    "output": "silver:144"
  },
  {
    "input": "immersiveengineering:metal:12",
    "ore": "dustSilver",
    "output": "silver:72"
  },
  {
    "input": "immersiveengineering:metal:23",
    "ore": "nuggetSilver",
    "output": "silver:16"
  },
  {
    "input": "minecraft:iron_ingot:0",
    "ore": "ingotIron",
    "output": "iron:144"
  },
  {
    "input": "minecraft:iron_ore:0",
    "ore": "oreIron",
    "output": "dirtyiron:432"
  },
  {
    "input": "minecraft:iron_block:0",
    "ore": "blockIron",
    "output": "iron:1296"
  },
  {
    "input": "minecraft:gold_nugget:0",
    "ore": "nuggetGold",
    "output": "gold:16"
  },
  {
    "input": "minecraft:gold_ingot:0",
    "ore": "ingotGold",
    "output": "gold:144"
  },
  {
    "input": "minecraft:gold_ore:0",
    "ore": "oreGold",
    "output": "dirtygold:432"
  },
  {
    "input": "minecraft:gold_block:0",
    "ore": "blockGold",
    "output": "gold:1296"
  },
  {
    "input": "minecraft:coal:1",
    "ore": "",
    "output": "carbon:288"
  },
  {
    "input": "minecraft:coal:0",
    "ore": "",
    "output": "carbon:144"
  },
  {
    "input": "minecraft:coal_block:0",
    "ore": "",
    "output": "carbon:1296"
  },
  {
    "input": "minecraft:obsidian:0",
    "ore": "",
    "output": "obsidian:36"
  },
  {
    "input": "minecraft:snowball:0",
    "ore": "",
    "output": "water:144"
  },
  {
    "input": "minecraft:ice:0",
    "ore": "",
    "output": "water:1296"
  },
  {
    "input": "minecraft:packed_ice:0",
    "ore": "",
    "output": "water:1296"
  },
  {
    "input": "minecraft:cobblestone:0",
    "ore": "cobblestone",
    "output": "lava:20"
  },
  {
    "input": "minecraft:stone:0",
    "ore": "stone",
    "output": "lava:40"
  }
]